title,URL,views
AI CEO: THIS is How I'd Make My First Million With AI in 2026,https://www.youtube.com/watch?v=Nqx0QjHQ9ww,觀看次數：42萬次
How To Learn So Fast It’s Almost Unfair,https://www.youtube.com/watch?v=npQ2IORdlvU,觀看次數：153萬次
How I’d Build a 1-Person AI Business (0 to $1M+),https://www.youtube.com/watch?v=IWdvG9Up8Mc,觀看次數：36萬次
How To Manage Your Time Like a CEO,https://www.youtube.com/watch?v=HwwqlLJAZhM,觀看次數：65萬次
Success Is Hard Until You Build Systems Like This,https://www.youtube.com/watch?v=p3F-1QyvHnY,觀看次數：147萬次
The Laziest Way to Make Money With AI (No Code),https://www.youtube.com/watch?v=6bc5H4CtC9w,觀看次數：33萬次
You’re Not Behind (Yet): How to Learn AI in 17 Minutes,https://www.youtube.com/watch?v=EWFFaKxsz_s,觀看次數：228萬次
Everything I Learned at MIT (That Made Me a Multimillionaire),https://www.youtube.com/watch?v=WrTKDJPyfU0,觀看次數：85萬次
How To Speak Like A Billion-Dollar CEO,https://www.youtube.com/watch?v=cvIdPMmuptU,觀看次數：69萬次
5 Brutally Honest TRUTHS That Gave me an Unfair Advantage in My 20s,https://www.youtube.com/watch?v=9jy3wS9I1O4&pp=0gcJCU0KAYcqIYzv,觀看次數：9萬次
Watch This for 13 Minutes and You'll Outperform 99% of People,https://www.youtube.com/watch?v=sAx0PPZ6E_U,觀看次數：24萬次
How Living a Slow and Boring Life Made Me a Millionaire,https://www.youtube.com/watch?v=80eLPaLOEXg,觀看次數：7.3萬次
"The World Needs AI, But There's a Problem…",https://www.youtube.com/watch?v=TUq2d1NA7-U,觀看次數：1.4萬次
How To Future-Proof Yourself In The Age of AI,https://www.youtube.com/watch?v=MUOMf4c5Xe8,觀看次數：5691次
Why You Feel So Stuck In Life & How To Find Success,https://www.youtube.com/watch?v=ePkhOdKElYo,觀看次數：3.7萬次
What Really Happens When You Stop Chasing What Doesn’t Matter,https://www.youtube.com/watch?v=fZOc5NpSLTk,觀看次數：3萬次
Why EVERYONE Is Talking About ChatGPT-5 (This Changes Everything),https://www.youtube.com/watch?v=BxRIizERCtY&pp=0gcJCU0KAYcqIYzv,觀看次數：2.2萬次
This Industry Is Secretly Making People Rich,https://www.youtube.com/watch?v=0_DH2redi4o&pp=0gcJCU0KAYcqIYzv,觀看次數：10萬次
A Message From Your Future Self (The Help You Need),https://www.youtube.com/watch?v=6QpgqxmixHk,觀看次數：1.8萬次
Give Me 3 Minutes and I'll Save You 10 Years of Suffering,https://www.youtube.com/watch?v=V4liZGKva8g,觀看次數：4.1萬次
Why You’re Working Hard But Still Falling Behind (Master These Skills),https://www.youtube.com/watch?v=_qgSB0F7X3c,觀看次數：6.6萬次
The TRUTH About Success,https://www.youtube.com/watch?v=K-BO54Jcae8,觀看次數：5308次
The Future of AI Is Here — What You NEED To Know,https://www.youtube.com/watch?v=m-kr21FdDvg,觀看次數：1.1萬次
The History Of The $1.50 Hot Dog,https://www.youtube.com/watch?v=zdrIWhKjDHQ,觀看次數：7889次
LIFE CHANGING Lessons From A Monk Turned Millionaire,https://www.youtube.com/watch?v=1aG62Md6DdY,觀看次數：4.7萬次
How The World’s Best Investors Are Playing AI,https://www.youtube.com/watch?v=RK0FkCIEXSg,觀看次數：6.4萬次
The Company That Changed Tech Forever...,https://www.youtube.com/watch?v=trCYZF0guAs,觀看次數：6136次
Want To Be Rich? Don't Start A Business...Do THIS,https://www.youtube.com/watch?v=P8W7omvJk-w,觀看次數：15萬次
How To Build Systems So Your Life Runs On Easy Mode,https://www.youtube.com/watch?v=K2bXEHsrIJA,觀看次數：5萬次
Communicate With Confidence: The Blueprint For Mastering Every Conversation,https://www.youtube.com/watch?v=fVaPJI95qvc,觀看次數：8.1萬次
