Project Name,URL,Page Title
selenium_project,https://github.com/andersonlin7777-lang/selenium_project,GitHub - andersonlin7777-lang/selenium_project: learn scrape
catch_stock_monthvalue,https://github.com/andersonlin7777-lang/catch_stock_monthvalue,GitHub - andersonlin7777-lang/catch_stock_monthvalue
sandbox-initialized2,https://github.com/andersonlin7777-lang/sandbox-initialized2,GitHub - andersonlin7777-lang/sandbox-initialized2
scrapy_project,https://github.com/andersonlin7777-lang/scrapy_project,GitHub - andersonlin7777-lang/scrapy_project
learning-project,https://github.com/andersonlin7777-lang/learning-project,andersonlin7777-lang/learning-project · GitHub
git-journey,https://github.com/andersonlin7777-lang/git-journey,GitHub - andersonlin7777-lang/git-journey: learn git and github
git-trip,https://github.com/andersonlin7777-lang/git-trip,GitHub - andersonlin7777-lang/git-trip: learn git and github from office
30-Days-Of-Python,https://github.com/andersonlin7777-lang/30-Days-Of-Python,"GitHub - andersonlin7777-lang/30-Days-Of-Python: 30 days of Python programming challenge is a step-by-step guide to learn the Python programming language in 30 days. This challenge may take more than 100 days, follow your own pace. These videos may help too: https://www.youtube.com/channel/UC7PNRuno1rzYPb1xLa4yktw"
Learn-Git-in-30-days,https://github.com/andersonlin7777-lang/Learn-Git-in-30-days,GitHub - andersonlin7777-lang/Learn-Git-in-30-days: 這是 Will 保哥在 2013 第 6 屆 iT 邦幫忙鐵人賽年度大獎的得獎著作【30 天精通 Git 版本控管】，歡迎大家 fork 我，如果有看見任何文字勘誤，也歡迎利用 pull request 來通知我修正，謝謝！
build-your-own-x,https://github.com/andersonlin7777-lang/build-your-own-x,GitHub - andersonlin7777-lang/build-your-own-x: Master programming by recreating your favorite technologies from scratch.
project-based-learning,https://github.com/andersonlin7777-lang/project-based-learning,GitHub - andersonlin7777-lang/project-based-learning: Curated list of project-based tutorials
